Year,State,District,Production_Tonnes,National_Total_Tonnes,District_National_Share_Pct,State_Total_Tonnes,District_State_Share_Pct,State_National_Share_Pct,Avg_Latitude,Avg_Longitude,Avg_Temperature_C,Temperature_Level,Total_Rainfall_mm,Rainfall_Level,Avg_Humidity_pct,Humidity_Level,Production_Stress,Temperature_Stress,Rainfall_Stress,Humidity_Stress,Weather_Stress,Equipment_Breakdown_Risk_Percent,Equipment_Breakdown_Risk_Level,Year_Start,Expected_Production_Tonnes,Production_Shortfall_Percent,Production_Shortfall_Risk_Level
2012-13,Andhra Pradesh,Vizianagaram,353302.0,2342833,15.08,353302.0,100.0,15.08,18.30631,83.49997,27.08,High,1334.1,Medium,74.35,High,0.0,0.6264328813793177,0.48594670406732116,0.9287374128582493,0.6803723327682961,11.811233031214867,Medium,2012,,,Unknown
2013-14,Andhra Pradesh,Vizianagaram,334265.0,2626291,12.73,334265.0,100.0,12.73,18.30631,83.49997,26.64,High,1383.0,Medium,74.65,High,0.0,0.44680114302795965,0.5133800841514726,0.9403563129357091,0.6335125133717138,10.539237558603123,Medium,2013,,,Unknown
2014-15,Andhra Pradesh,Vizianagaram,253746.0,2369481,10.71,253746.0,100.0,10.71,18.30631,83.49997,27.11,High,1132.5,Medium,72.93,High,0.15793881676859922,0.6386804999032746,0.37284712482468446,0.8737412858249423,0.6284229701843004,15.037679556236904,Medium,2014,343783.5,26.190174921134957,High
2015-16,Andhra Pradesh,Vizianagaram,186632.0,2166947,8.61,186632.0,100.0,8.61,18.30631,83.49997,27.47,High,1371.3,Medium,74.83,High,0.38065796998241236,0.7856519221907499,0.5068162692847125,0.9473276529821844,0.7465986148192156,24.115260347868553,Medium,2015,313771.0,40.5196783641573,High
2016-17,Andhra Pradesh,Vizianagaram,232257.0,2395134,9.7,232257.0,100.0,9.7,18.30631,83.49997,27.28,High,1177.4,Medium,72.84,High,0.2292504936677802,0.7080836715390276,0.3980364656381487,0.8702556158017043,0.6587919176596269,19.084384660261787,Medium,2016,258214.33333333334,10.052630695688212,Medium
2017-18,Andhra Pradesh,Vizianagaram,166872.0,2589271,6.44,166872.0,100.0,6.44,18.30631,83.49997,27.1,High,1326.0,Medium,73.0,High,0.44623192575177417,0.6345979603952899,0.48140252454417953,0.8764523625096825,0.6641509491497174,24.201583978473646,Medium,2017,224211.66666666666,25.57389966326462,High
2018-19,Andhra Pradesh,Vizianagaram,122400.0,2917830,4.19,122400.0,100.0,4.19,18.30631,83.49997,26.93,High,1320.1,Medium,73.27,High,0.593813148473184,0.5651947887595369,0.47809256661991584,0.8869093725793957,0.6433989093196162,22.465701412685462,Medium,2018,195253.66666666666,37.312316798148046,High
2019-20,Andhra Pradesh,Vizianagaram,331800.0,2874300,11.54,331800.0,100.0,11.54,18.30630833,83.49996667,27.16,High,1464.9,Medium,76.18,High,0.0,0.659093197443202,0.5593267882187939,0.9996127033307517,0.7393442296642493,10.640476953067632,Medium,2019,173843.0,0.0,Low
2020-21,Andhra Pradesh,Vizianagaram,204002.0,204002,4.19,122400.0,100.0,4.19,18.30631,83.49997,26.93,High,1320.1,Medium,73.27,High,0.3230152770819157,0.5651947887595369,0.47809256661991584,0.8869093725793957,0.6433989093196162,22.109505416605373,Medium,2020,207024.0,1.4597341371048769,Medium
2021-22,Andhra Pradesh,Vizianagaram,848621.0,4748071,17.87,848621.0,100.0,17.87,18.30630833,83.49996667,27.07,High,1507.8,High,73.65,High,0.0,0.6223503418713332,0.5833941093969145,0.9016266460108446,0.7024570324263641,22.52217442935887,Medium,2021,219400.66666666666,0.0,Low
2022-23,Andhra Pradesh,Vizianagaram,213790.0,2826964,7.56,213790.0,100.0,7.56,18.30631,83.49997,26.94,High,1473.7,Medium,73.75,High,0.2905336030398857,0.569277328267523,0.5642636746143058,0.9054996127033308,0.6796802051950532,20.327518495308297,Medium,2022,461474.3333333333,53.67239637018455,High
2023-24,Andhra Pradesh,Vizianagaram,297537.0,3380889,8.8,297537.0,100.0,8.8,18.30631,83.49997,27.48,High,1229.1,Medium,73.78,High,0.01261750618681164,0.789734461698736,0.4270406732117812,0.9066615027110768,0.7078122125405314,9.683112072335533,Low,2023,422137.6666666667,29.516595297110822,High
2024-25,Andhra Pradesh,Vizianagaram,334421.09,3800000,8.8,334421.09,100.0,8.8,18.30631,83.49997,27.35,High,1726.1,High,74.94,High,0.0,0.7366614480949257,0.7058625525946703,0.9515879163439195,0.7980373056778385,11.039516022196239,Medium,2024,453316.0,26.227821210810998,High
2025-26,Andhra Pradesh,Vizianagaram,339102.99,3853200,8.8,339102.99,100.0,8.8,18.30631,83.49997,26.41,High,1796.0,High,76.19,High,0.0,0.35290273434429453,0.7450771388499299,1.0,0.6993266243980748,11.034768345381668,Medium,2025,281916.03,0.0,Low
2012-13,Karnataka,Ballari,28290.87,2342833,1.21,39540.0,71.55,1.69,15.09,76.55,26.05,Medium,610.8,Low,60.56,Medium,0.8548668538872848,0.2059313120568192,0.08016830294530153,0.3946553059643689,0.22691830698882987,38.96630344583567,High,2012,,,Unknown
2013-14,Karnataka,Ballari,103409.78,2626291,3.94,144528.0,71.55,5.5,15.09,76.55,25.2,Medium,837.6,Low,64.46,Medium,0.4695042354574554,0.14108454612194316,0.2074053295932679,0.5457010069713399,0.2980636275621837,21.326664554053927,Medium,2013,,,Unknown
2014-15,Karnataka,Ballari,147893.85,2369481,6.24,206700.0,71.55,8.72,15.09,76.55,25.51,Medium,841.9,Low,63.72,Medium,0.2412994106854263,0.01452582137439382,0.20981767180925667,0.5170410534469404,0.24712818221019694,17.974297866143228,Medium,2014,65850.325,0.0,Low
2015-16,Karnataka,Ballari,104193.26,2166947,4.81,145623.0,71.55,6.72,15.09,76.55,26.4,High,727.3,Low,62.17,Medium,0.4654849558341568,0.3488201948363085,0.14552594670406732,0.45701006971340064,0.31711873708459215,21.469474004681334,Medium,2015,93198.16666666667,0.0,Low
2016-17,Karnataka,Ballari,187011.67,2395134,7.81,261372.0,71.55,10.91,15.09,76.55,26.06,Medium,753.6,Low,59.8,Low,0.04062363487256173,0.21001385156480382,0.16028050490883594,0.3652207591014717,0.2451717051917038,7.582634739581906,Low,2016,118498.96333333333,0.0,Low
2017-18,Karnataka,Ballari,210865.72,2589271,8.14,294711.0,71.55,11.38,15.09,76.55,25.84,Medium,762.7,Low,63.71,Medium,0.0,0.12019798238912477,0.1653856942496494,0.5166537567776919,0.26741247780548866,7.066827533210946,Low,2017,146366.26,0.0,Low
2018-19,Karnataka,Ballari,198408.15,2917830,6.8,277300.0,71.55,9.5,15.09,76.55,26.05,Medium,642.5,Low,62.13,Medium,0.0,0.2059313120568192,0.0979523141654979,0.4554608830364061,0.2531148364195744,6.98152233464027,Low,2018,167356.88333333333,0.0,Low
2019-20,Karnataka,Ballari,182100.0,2874300,6.34,249200.0,73.07,8.67,15.09,76.55,25.95,Medium,993.3,Low,68.65,High,0.06582067263659805,0.16510591697696428,0.2947545582047686,0.7079783113865223,0.3892795955227517,8.565653663672274,Low,2019,198761.84666666668,8.38281941232384,Medium
2020-21,Karnataka,Ballari,219193.0,4748071,4.62,273460.0,80.16,5.76,15.09,76.55,25.64,Medium,1011.5,Low,67.15,High,0.0,0.038547192229416403,0.30496493688639553,0.6498838109992258,0.3311319800383459,7.515574394130063,Low,2020,197124.62333333332,0.0,Low
2021-22,Karnataka,Ballari,271892.86,380004,4.62,273460.0,80.16,5.76,15.09,76.55,25.64,Medium,1011.5,Low,67.15,High,0.0,0.038547192229416403,0.30496493688639553,0.6498838109992258,0.3311319800383459,8.962879700224027,Low,2021,199900.38333333333,0.0,Low
2022-23,Karnataka,Ballari,246655.03,2826964,8.73,344731.0,71.55,12.19,15.09,76.55,25.3,Medium,946.1,Low,65.65,High,0.0,0.10025915104208825,0.2682748948106592,0.5917893106119291,0.3201077854882255,8.035163277549605,Low,2022,224395.28666666665,0.0,Low
2023-24,Karnataka,Ballari,254043.28,3380889,7.51,355057.0,71.55,10.5,15.09,76.55,27.17,High,467.9,Low,59.67,Low,0.0,0.663175736951188,0.0,0.3601859024012395,0.34112054645080914,8.305051521568446,Low,2023,245913.63,0.0,Low
2024-25,Karnataka,Ballari,285535.69,3800000,7.51,399071.54,71.55,10.5,15.09,76.55,26.12,Medium,892.9,Low,66.64,High,0.0,0.23450908861271735,0.23842917251051893,0.6301316808675447,0.36768998066359365,9.161926028786498,Low,2024,257530.38999999998,0.0,Low
2025-26,Karnataka,Ballari,289533.19,3853200,7.51,404658.53,71.55,10.5,15.09,76.55,24.95,Medium,983.5,Low,69.17,High,0.0,0.24314803382157898,0.28925666199158484,0.7281177381874517,0.42017414466687186,9.274049960603328,Low,2025,262078.0,0.0,Low
2012-13,Karnataka,Chitradurga,6500.38,2342833,0.28,39540.0,16.44,1.69,14.23,76.4,24.66,Low,641.4,Low,63.49,Medium,0.8501728048652073,0.3615416795531562,0.0973352033660589,0.5081332300542217,0.3223367043244789,38.997056906080786,High,2012,,,Unknown
2013-14,Karnataka,Chitradurga,23760.4,2626291,0.9,144528.0,16.44,5.5,14.23,76.4,24.29,Low,661.9,Low,64.71,Medium,0.45234677245319027,0.5125956413486176,0.108835904628331,0.555383423702556,0.3922716565598348,20.895400870629103,Medium,2013,,,Unknown
2014-15,Karnataka,Chitradurga,33981.48,2369481,1.43,206700.0,16.44,8.72,14.23,76.4,24.52,Low,742.4,Low,65.0,Medium,0.21676119935618235,0.41869723266495246,0.15399719495091163,0.566615027110767,0.3797698182422103,15.221521148108653,Medium,2014,15130.390000000001,0.0,Low
2015-16,Karnataka,Chitradurga,23940.42,2166947,1.1,145623.0,16.44,6.72,14.23,76.4,24.94,Low,738.5,Low,65.88,High,0.4481974932313348,0.2472305733295636,0.1518092566619916,0.6006971340046475,0.3332456546654009,20.77704885746507,Medium,2015,21414.08666666667,0.0,Low
2016-17,Karnataka,Chitradurga,42969.56,2395134,1.79,261372.0,16.44,10.91,14.23,76.4,24.92,Low,548.7,Low,60.73,Medium,0.00959503121722314,0.2553956523455343,0.045329593267882225,0.40123934934159566,0.2339881983183374,2.0485900477722296,Low,2016,27227.433333333334,0.0,Low
2017-18,Karnataka,Chitradurga,48450.49,2589271,1.87,294711.0,16.44,11.38,14.23,76.4,24.14,Low,739.8,Low,66.07,High,0.0,0.5738337339683985,0.15253856942496494,0.6080557707203716,0.4448093580379117,1.9433416593286112,Low,2017,33630.486666666664,0.0,Low
2018-19,Karnataka,Chitradurga,45588.12,2917830,1.56,277300.0,16.44,9.5,14.23,76.4,24.41,Low,695.1,Low,64.01,Medium,0.0,0.463605167252792,0.1274614305750351,0.5282726568551513,0.3731130848943261,1.913202501003824,Low,2018,38453.49,0.0,Low
2019-20,Karnataka,Chitradurga,38900.0,2874300,1.35,249200.0,15.61,8.67,14.23,76.4,24.42,Low,857.5,Low,69.83,High,0.10339427991233743,0.4595226277448059,0.2185694249649369,0.7536793183578622,0.47725712368920165,6.935618367273298,Low,2019,45669.38999999999,14.822597805663692,Medium
2020-21,Karnataka,Chitradurga,33660.0,4748071,0.71,273460.0,12.31,5.76,14.23,76.4,23.93,Low,982.1,Low,69.76,High,0.2241709887364853,0.659567063636093,0.28847124824684434,0.7509682416731219,0.5663355178520197,15.281047497766291,Medium,2020,44312.869999999995,24.0401264914685,Medium
2021-22,Karnataka,Chitradurga,62472.66,380004,0.71,273460.0,12.31,5.76,14.23,76.4,23.93,Low,982.1,Low,69.76,High,0.0,0.659567063636093,0.28847124824684434,0.7509682416731219,0.5663355178520197,2.6851060636167987,Low,2021,39382.70666666667,0.0,Low
2022-23,Karnataka,Chitradurga,56673.78,2826964,2.0,344731.0,16.44,12.19,14.23,76.4,23.53,Low,1029.2,Low,68.06,High,0.0,0.8228686439555096,0.31489481065918656,0.6851278079008523,0.6076304208385161,2.5684742476141342,Low,2022,45010.886666666665,0.0,Low
2023-24,Karnataka,Chitradurga,58371.37,3380889,1.73,355057.0,16.44,10.5,14.23,76.4,25.41,Medium,519.7,Low,62.47,Medium,0.0,0.055351216454248724,0.029060308555399757,0.46862896979085983,0.18434683160016943,2.2806954534668424,Low,2023,50935.48,0.0,Low
2024-25,Karnataka,Chitradurga,65607.36,3800000,1.73,399071.54,16.44,10.5,14.23,76.4,24.48,Low,935.0,Low,68.97,High,0.0,0.43502739069689383,0.2620476858345021,0.7203718048024788,0.47248229377795825,2.628612871961194,Low,2024,59172.60333333333,0.0,Low
2025-26,Karnataka,Chitradurga,66525.86,3853200,1.73,404658.53,16.44,10.5,14.23,76.4,23.52,Low,847.9,Low,70.13,High,0.0,0.8269511834634957,0.2131837307152875,0.7652982184353214,0.6018110442047016,2.6301476334592526,Low,2025,60217.503333333334,0.0,Low
2012-13,Karnataka,Davanagere,3151.34,2342833,0.13,39540.0,7.97,1.69,14.47,75.92,25.07,Medium,666.2,Low,64.25,Medium,0.8480281110427662,0.19415755972575338,0.11124824684431982,0.5375677769171187,0.2809911944957306,38.75602891882313,High,2012,,,Unknown
2013-14,Karnataka,Davanagere,11518.88,2626291,0.44,144528.0,7.97,5.5,14.47,75.92,24.52,Low,791.2,Low,65.94,High,0.44450743103831997,0.41869723266495246,0.18137447405329596,0.6030209140201395,0.4010308735794626,20.977851065583412,Medium,2013,,,Unknown
2014-15,Karnataka,Davanagere,16473.99,2369481,0.7,206700.0,7.97,8.72,14.47,75.92,24.79,Low,801.1,Low,66.67,High,0.20554958241174237,0.30846866594934597,0.18692847124824688,0.6312935708752906,0.3755635693576278,14.39269141975417,Medium,2014,7335.11,0.0,Low
2015-16,Karnataka,Davanagere,11606.15,2166947,0.54,145623.0,7.97,6.72,14.47,75.92,25.55,Medium,665.5,Low,65.35,High,0.44029887634434917,0.0018043366575475643,0.11085553997194952,0.5801704105344693,0.23094342905465545,20.738196267894292,Medium,2015,10381.403333333334,0.0,Low
2016-17,Karnataka,Davanagere,20831.35,2395134,0.87,261372.0,7.97,10.91,14.47,75.92,25.37,Medium,711.0,Low,62.19,Medium,0.0,0.07168137448619011,0.13638148667601685,0.45778466305189774,0.22194917473803488,1.2576039392274736,Low,2016,13199.673333333334,0.0,Low
2017-18,Karnataka,Davanagere,23488.47,2589271,0.91,294711.0,7.97,11.38,14.47,75.92,25.38,Medium,860.2,Low,64.93,Medium,0.0,0.06759883497820549,0.2200841514726508,0.5639039504260267,0.28386231229229436,1.2754007109944483,Low,2017,16303.830000000002,0.0,Low
2018-19,Karnataka,Davanagere,22100.81,2917830,0.76,277300.0,7.97,9.5,14.47,75.92,25.6,Medium,893.4,Low,62.98,Medium,0.0,0.02221703419747502,0.23870967741935484,0.48838109992254064,0.2497692705131235,1.277141329871551,Low,2018,18641.99,0.0,Low
2019-20,Karnataka,Davanagere,18400.0,2874300,0.64,249200.0,7.38,8.67,14.47,75.92,25.7,Medium,1159.3,Medium,68.16,High,0.11266865625000749,0.06304242927732848,0.3878821879382889,0.6890007745933384,0.37997513060298527,7.034762795979203,Low,2019,22140.210000000003,16.893290533377968,Medium
2020-21,Karnataka,Davanagere,12621.0,4748071,0.27,273460.0,4.62,5.76,14.47,75.92,25.4,Medium,1284.9,Medium,67.51,High,0.3913582125288774,0.0594337559622348,0.4583450210378682,0.663826491092177,0.39386842269742667,20.670490370182705,Medium,2020,21329.76,40.82915138285663,High
2021-22,Karnataka,Davanagere,30286.32,380004,0.27,273460.0,4.62,5.76,14.47,75.92,25.4,Medium,1284.9,Medium,67.51,High,0.0,0.0594337559622348,0.4583450210378682,0.663826491092177,0.39386842269742667,1.9781829186458868,Low,2021,17707.27,0.0,Low
2022-23,Karnataka,Davanagere,27475.06,2826964,0.97,344731.0,7.97,12.19,14.47,75.92,24.94,Low,1179.4,Medium,66.0,High,0.0,0.2472305733295636,0.39915848527349235,0.6053446940356314,0.4172445842128958,1.8609137013007848,Low,2022,20435.773333333334,0.0,Low
2023-24,Karnataka,Davanagere,28298.04,3380889,0.84,355057.0,7.97,10.5,14.47,75.92,26.73,High,760.1,Low,61.19,Medium,0.0,0.4835439985998285,0.1639270687237027,0.41905499612703334,0.3555086878168548,1.634667704325434,Low,2023,23460.793333333335,0.0,Low
2024-25,Karnataka,Davanagere,31806.0,3800000,0.84,399071.54,7.97,10.5,14.47,75.92,25.77,Medium,1249.5,Medium,67.58,High,0.0,0.09162020583322662,0.4384852734922861,0.6665375677769172,0.39888101570080997,2.0146090229633624,Low,2024,28686.47333333333,0.0,Low
2025-26,Karnataka,Davanagere,32251.28,3853200,0.84,404658.53,7.97,10.5,14.47,75.92,24.81,Low,1158.4,Medium,68.65,High,0.0,0.3003035869333753,0.38737727910238434,0.7079783113865223,0.4652197258074273,1.9505749379853232,Low,2025,29193.033333333336,0.0,Low
2012-13,Karnataka,Tumakuru,1597.42,2342833,0.07,39540.0,4.04,1.69,13.34,77.1,23.75,Low,892.1,Low,65.95,High,0.8501272792399635,0.7330527747798307,0.2379803646563815,0.6034082106893883,0.5248137833752001,38.98140772535147,High,2012,,,Unknown
2013-14,Karnataka,Tumakuru,5838.93,2626291,0.22,144528.0,4.04,5.5,13.34,77.1,23.41,Low,928.6,Low,67.34,High,0.4521814391785504,0.8718591180513353,0.25845722300140256,0.6572424477149499,0.5958529295892293,21.059438727406906,Medium,2013,,,Unknown
2014-15,Karnataka,Tumakuru,8350.68,2369481,0.35,206700.0,4.04,8.72,13.34,77.1,23.81,Low,871.0,Low,66.55,High,0.21652468868774546,0.7085575377319185,0.22614305750350633,0.6266460108443067,0.5204488686932439,15.022743747827944,Medium,2014,3718.175,0.0,Low
2015-16,Karnataka,Tumakuru,5883.17,2166947,0.27,145623.0,4.04,6.72,13.34,77.1,23.87,Low,1148.0,Medium,69.79,High,0.4480307654882098,0.684062300684005,0.3815427769985975,0.7521301316808678,0.6059117364544901,21.316441856023648,Medium,2015,5262.343333333333,0.0,Low
2016-17,Karnataka,Tumakuru,10559.43,2395134,0.44,261372.0,4.04,10.91,13.34,77.1,24.16,Low,811.7,Low,62.67,Medium,0.009295924819300966,0.5656686549524278,0.19287517531556805,0.47637490317583286,0.4116395778146096,1.2433703992996132,Low,2016,6690.926666666666,0.0,Low
2017-18,Karnataka,Tumakuru,11906.32,2589271,0.46,294711.0,4.04,11.38,13.34,77.1,23.96,Low,967.9,Low,65.76,High,0.0,0.6473194451121361,0.2805049088359046,0.5960495739736641,0.5079579759739016,1.2124318914626975,Low,2017,8264.426666666666,0.0,Low
2018-19,Karnataka,Tumakuru,11202.92,2917830,0.38,277300.0,4.04,9.5,13.34,77.1,23.98,Low,920.0,Low,65.21,Medium,0.0,0.6391543660961655,0.25363253856942497,0.5747482571649882,0.4891783872768596,1.1067553680429334,Low,2018,9449.64,0.0,Low
2019-20,Karnataka,Tumakuru,9800.0,2874300,0.34,249200.0,3.93,8.67,13.34,77.1,24.38,Low,1103.3,Medium,67.99,High,0.08054696732959542,0.4758527857767488,0.3564656381486676,0.6824167312161115,0.5049117183805093,5.86346856477371,Low,2019,11222.89,12.67846339044577,Medium
2020-21,Karnataka,Tumakuru,7986.0,4748071,0.17,273460.0,2.92,5.76,13.34,77.1,23.55,Low,1284.4,Medium,70.12,High,0.25073960011164786,0.814703564939539,0.4580645161290323,0.7649109217660731,0.6792263342782148,15.814153463037346,Medium,2020,10969.746666666668,27.199777326975656,High
2021-22,Karnataka,Tumakuru,15352.16,2692408,0.57,380004.0,4.04,14.11,13.34,77.1,23.39,Low,1464.5,Medium,71.15,High,0.0,0.880024197067306,0.5591023842917251,0.8048024786986835,0.7479763533525715,1.7547224411004634,Low,2021,9662.973333333333,0.0,Low
2022-23,Karnataka,Tumakuru,13927.13,2826964,0.49,344731.0,4.04,12.19,13.34,77.1,23.13,Low,1214.0,Medium,68.97,High,0.0,0.9861702242749278,0.4185694249649369,0.7203718048024788,0.7083704846807812,1.4458667243096024,Low,2022,11046.053333333335,0.0,Low
2023-24,Karnataka,Tumakuru,14344.3,3380889,0.42,355057.0,4.04,10.5,13.34,77.1,24.69,Low,718.6,Low,64.62,Medium,0.0,0.3492940610291994,0.14064516129032262,0.5518977536793186,0.34727899199961354,1.191032144559972,Low,2023,12421.763333333334,0.0,Low
2024-25,Karnataka,Tumakuru,16122.49,3800000,0.42,399071.54,4.04,10.5,13.34,77.1,24.14,Low,1266.9,Medium,68.21,High,0.0,0.5738337339683985,0.4482468443197757,0.6909372579395816,0.5710059454092519,1.4973894922581694,Low,2024,14541.196666666665,0.0,Low
2025-26,Karnataka,Tumakuru,16348.2,3853200,0.42,404658.53,4.04,10.5,13.34,77.1,23.11,Low,1165.4,Medium,69.99,High,0.0,0.9943353032908986,0.39130434782608703,0.7598760650658404,0.7151719053942753,1.4450277097819026,Low,2025,14797.973333333333,0.0,Low
2012-13,Madhya Pradesh,Balaghat,501597.51,2342833,21.41,714730.0,70.18,30.51,21.81869,80.23573,25.95,Medium,1364.0,Medium,58.55,Low,0.2004077307734414,0.16510591697696428,0.5027208976157083,0.31680867544539115,0.3282118300126879,24.156316332946883,Medium,2012,,,Unknown
2013-14,Madhya Pradesh,Balaghat,558980.89,2626291,21.28,796496.0,70.18,30.33,21.81869,80.23573,25.53,Medium,1817.6,High,63.67,Medium,0.10893337909635689,0.006360742358423127,0.7571949509116409,0.5151045701006973,0.4262200877902538,20.996888875141586,Medium,2013,,,Unknown
2014-15,Madhya Pradesh,Balaghat,616176.19,2369481,26.0,877994.0,70.18,37.05,21.81869,80.23573,26.22,High,1040.4,Low,58.82,Low,0.017758844126887587,0.2753344836925708,0.3211781206171109,0.32726568551510465,0.30792609660826215,21.185320232087093,Medium,2014,530289.2,0.0,Low
2015-16,Madhya Pradesh,Balaghat,538123.4,2166947,24.83,766776.0,70.18,35.39,21.81869,80.23573,26.54,High,1339.1,Medium,61.21,Medium,0.1421821242096854,0.40597574794810476,0.4887517531556802,0.41982958946553073,0.4381856968564386,22.700653692265476,Medium,2015,558918.1966666667,3.7205438632495347,Medium
2016-17,Madhya Pradesh,Balaghat,456391.77,2395134,19.05,650316.0,70.18,27.15,21.81869,80.23573,26.24,High,1486.9,High,58.38,Low,0.272469811441796,0.2834995627085415,0.5716690042075737,0.3102246320681644,0.38846439966142654,26.69930122468622,High,2016,571093.4933333333,20.084578912613292,Medium
2017-18,Madhya Pradesh,Balaghat,583440.03,2589271,22.53,831348.0,70.18,32.11,21.81869,80.23573,26.34,High,1448.9,Medium,57.44,Low,0.06994327474769277,0.3243249577883964,0.550350631136045,0.2738187451587916,0.382831444694411,20.902124521584863,Medium,2017,536897.12,0.0,Low
2018-19,Madhya Pradesh,Balaghat,712439.29,2917830,24.42,1015160.0,70.18,34.79,21.81869,80.23573,25.76,Medium,1506.2,High,59.48,Low,0.0,0.087537666325242,0.5824964936886396,0.3528272656855151,0.34095380856646557,20.999377193011615,Medium,2018,525985.0666666668,0.0,Low
2019-20,Madhya Pradesh,Balaghat,685920.0,2874300,23.86,965580.0,71.04,33.59,21.81869375,80.23572625,25.9,Medium,1907.8,High,65.25,Medium,0.0,0.14469321943703684,0.8077980364656382,0.576297443841983,0.5095962332482193,21.158574805383395,Medium,2019,584090.3633333334,0.0,Low
2020-21,Madhya Pradesh,Balaghat,568448.0,4748071,11.97,940991.0,60.41,19.82,21.81869375,80.23572625,25.85,Medium,1713.9,High,62.02,Medium,0.09384194060832007,0.12428052189711083,0.6990182328190744,0.451200619674671,0.42483312479695207,21.141139845948658,Medium,2020,660599.7733333333,13.949713132407371,Medium
2021-22,Madhya Pradesh,Balaghat,593267.33,2692408,22.03,845351.0,70.18,31.4,21.81869,80.23573,25.34,Medium,1436.9,Medium,63.79,Medium,0.05427766048383786,0.08392899301014688,0.5436185133239833,0.519752130131681,0.3824332121552703,20.429334856283727,Medium,2021,655602.43,9.508064208974956,Medium
2022-23,Madhya Pradesh,Balaghat,600652.37,2826964,21.25,855874.0,70.18,30.28,21.81869,80.23573,26.05,Medium,1759.3,High,59.42,Low,0.042505231844929874,0.2059313120568192,0.7244880785413745,0.3505034856700234,0.4269742920894057,20.10235669946768,Medium,2022,615878.4433333334,2.4722530067662265,Medium
2023-24,Madhya Pradesh,Balaghat,725256.96,3380889,21.45,1033424.0,70.18,30.57,21.81869,80.23573,25.77,Medium,1749.6,High,63.07,Medium,0.0,0.09162020583322662,0.7190462833099578,0.49186676994577855,0.4341777530296543,20.95893969605707,Medium,2023,587455.9,0.0,Low
2024-25,Madhya Pradesh,Balaghat,815163.24,3800000,21.45,1161532.12,70.18,30.57,21.81869,80.23573,26.1,Medium,1881.9,High,62.33,Medium,0.0,0.22634400959674666,0.7932678821879383,0.4632068164213788,0.49427290273535457,21.52161113097299,Medium,2024,639725.5533333333,0.0,Low
2025-26,Madhya Pradesh,Balaghat,826575.53,3853200,21.45,1177793.57,70.18,30.57,21.81869,80.23573,25.66,Medium,1733.0,High,61.25,Medium,0.0,0.04671227124538709,0.7097335203366059,0.4213787761425253,0.3926081892415061,21.391905197233196,Medium,2025,713690.8566666668,0.0,Low
2012-13,Madhya Pradesh,Chhindwara,36737.12,2342833,1.57,714730.0,5.14,30.51,22.06,78.94,24.38,Low,1234.3,Medium,56.13,Low,0.21759842392655848,0.4758527857767488,0.42995792426367463,0.22308288148721941,0.3762978638425476,15.4805645684079,Medium,2012,,,Unknown
2013-14,Madhya Pradesh,Chhindwara,40939.89,2626291,1.56,796496.0,5.14,30.33,22.06,78.94,23.72,Low,1681.1,High,63.29,Medium,0.12809075778740073,0.7453003933037874,0.6806171107994389,0.5003872966692487,0.6421016002574916,8.332309014049853,Low,2013,,,Unknown
2014-15,Madhya Pradesh,Chhindwara,45128.89,2369481,1.9,877994.0,5.14,37.05,22.06,78.94,24.48,Low,911.6,Low,57.96,Low,0.038876355510585166,0.43502739069689383,0.24892005610098178,0.2939581719597213,0.32596853958586564,3.481570696593378,Low,2014,38838.505000000005,0.0,Low
2015-16,Madhya Pradesh,Chhindwara,39412.29,2166947,1.82,766776.0,5.14,35.39,22.06,78.94,24.68,Low,963.7,Low,59.6,Low,0.16062451785378012,0.3533766005371855,0.27814866760168305,0.35747482571649897,0.3296666979517892,9.145646217748748,Low,2015,40935.299999999996,3.7205297139632414,Medium
2016-17,Madhya Pradesh,Chhindwara,33426.24,2395134,1.4,650316.0,5.14,27.15,22.06,78.94,24.33,Low,1415.6,Medium,58.19,Low,0.28811123849095654,0.4962654833166762,0.5316690042075736,0.30286599535243997,0.4436001609588966,17.88034937110265,Medium,2016,41827.02333333334,20.084583276186613,Medium
2017-18,Madhya Pradesh,Chhindwara,42731.29,2589271,1.65,831348.0,5.14,32.11,22.06,78.94,24.22,Low,887.8,Low,57.74,Low,0.08993876918900313,0.5411734179045158,0.23556802244039268,0.28543764523625115,0.3540596951937198,7.03349855055726,Low,2017,39322.47333333333,0.0,Low
2018-19,Madhya Pradesh,Chhindwara,52179.22,2917830,1.79,1015160.0,5.14,34.79,22.06,78.94,23.6,Low,918.8,Low,59.49,Low,0.0,0.7942908673996115,0.2529593267882188,0.3532145623547639,0.4668215855141981,2.2214931672724783,Low,2018,38523.27333333334,0.0,Low
2019-20,Madhya Pradesh,Chhindwara,42850.0,2874300,1.49,965580.0,4.44,33.59,22.06,78.94,23.91,Low,1619.8,High,64.9,Medium,0.08741056634959499,0.6677321426520636,0.6462272089761572,0.5627420604182807,0.6255671373488338,7.54311550866146,Low,2019,42778.916666666664,0.0,Low
2020-21,Madhya Pradesh,Chhindwara,63153.0,4748071,1.33,940991.0,6.71,19.82,22.06,78.94,23.96,Low,1509.9,High,62.1,Medium,0.0,0.6473194451121361,0.5845722300140253,0.4542989930286601,0.5620635560516071,3.2187100968204954,Low,2020,45920.170000000006,0.0,Low
2021-22,Madhya Pradesh,Chhindwara,43451.04,2692408,1.61,845351.0,5.14,31.4,22.06,78.94,23.37,Low,1023.2,Low,63.36,Medium,0.07461003535306664,0.8881892760832767,0.3115287517531557,0.5030983733539892,0.5676054670634739,5.079501254997749,Low,2021,52727.40666666667,17.593064504974077,Medium
2022-23,Madhya Pradesh,Chhindwara,43991.92,2826964,1.56,855874.0,5.14,30.28,22.06,78.94,24.16,Low,1653.1,High,58.99,Low,0.06309075010515931,0.5656686549524278,0.6649088359046282,0.3338497288923317,0.5214757399164626,4.793910135913472,Low,2022,49818.013333333336,11.694752446973004,Medium
2023-24,Madhya Pradesh,Chhindwara,53117.99,3380889,1.57,1033424.0,5.14,30.57,22.06,78.94,23.93,Low,1172.2,Medium,62.52,Medium,0.0,0.659567063636093,0.3951192145862553,0.47056545313710324,0.5084172437864839,2.503227627631379,Low,2023,50198.65333333333,0.0,Low
2024-25,Madhya Pradesh,Chhindwara,59702.75,3800000,1.57,1161532.12,5.14,30.57,22.06,78.94,24.41,Low,1438.7,Medium,61.24,Medium,0.0,0.463605167252792,0.5446283309957924,0.4209914794732767,0.47640832590728704,2.940102348290036,Low,2024,46853.65,0.0,Low
2025-26,Madhya Pradesh,Chhindwara,60538.59,3853200,1.57,1177793.57,5.14,30.57,22.06,78.94,24.08,Low,927.5,Low,59.76,Low,0.0,0.598328971016312,0.25784011220196357,0.3636715724244772,0.4066135518809176,2.5020284997097186,Low,2025,52270.88666666666,0.0,Low
2012-13,Madhya Pradesh,Jabalpur,128436.98,2342833,5.48,714730.0,17.97,30.51,23.18,79.95,25.05,Medium,1184.1,Medium,56.05,Low,0.2538416671023814,0.20232263874172407,0.40179523141654977,0.21998450813323003,0.27470079276383463,17.38172379513845,Medium,2012,,,Unknown
2013-14,Madhya Pradesh,Jabalpur,143130.33,2626291,5.45,796496.0,17.97,30.33,23.18,79.95,24.33,Low,1580.2,High,63.88,Medium,0.1684802272687663,0.4962654833166762,0.6240112201963536,0.5232378001549188,0.5478381678893162,11.373558858650766,Medium,2013,,,Unknown
2014-15,Madhya Pradesh,Jabalpur,157775.52,2369481,6.66,877994.0,17.97,37.05,23.18,79.95,25.14,Medium,878.3,Low,59.39,Low,0.08339857434163521,0.16557978316985522,0.2302384291725105,0.3493415956622774,0.24838660266821436,10.29968504448289,Medium,2014,135783.655,0.0,Low
2015-16,Madhya Pradesh,Jabalpur,137789.65,2166947,6.36,766776.0,17.97,35.39,23.18,79.95,25.56,Medium,1029.3,Low,59.71,Low,0.1995070614822432,0.005886876165532184,0.3149509116409537,0.36173508907823404,0.22752429229490664,12.946188504794344,Medium,2015,143114.27666666664,3.720541926832678,Medium
2016-17,Madhya Pradesh,Jabalpur,116861.79,2395134,4.88,650316.0,17.97,27.15,23.18,79.95,25.19,Medium,1542.4,High,59.78,Low,0.3210880666469143,0.14516708562992778,0.6028050490883591,0.36444616576297456,0.3708061001604204,19.06068567177715,Medium,2016,146231.83333333334,20.084575747870687,Medium
2017-18,Madhya Pradesh,Jabalpur,149393.24,2589271,5.77,831348.0,17.97,32.11,23.18,79.95,25.66,Medium,1060.1,Low,57.66,Low,0.13209567132009928,0.04671227124538709,0.3322300140252454,0.28233927188226177,0.22042718571763142,11.359097928369984,Medium,2017,137475.65333333332,0.0,Low
2018-19,Madhya Pradesh,Jabalpur,182424.25,2917830,6.25,1015160.0,17.97,34.79,23.18,79.95,25.05,Medium,1407.1,Medium,59.03,Low,0.0,0.20232263874172407,0.5269004207573632,0.3353989155693262,0.35487399168947115,7.3318552894252935,Low,2018,134681.55999999997,0.0,Low
2019-20,Madhya Pradesh,Jabalpur,195610.0,2874300,6.81,965580.0,20.26,33.59,23.18,79.95,25.36,Medium,1690.0,High,62.98,Medium,0.0,0.07576391399417617,0.685610098176718,0.48838109992254064,0.41658503736447833,7.815902554770346,Low,2019,149559.75999999998,0.0,Low
2020-21,Madhya Pradesh,Jabalpur,286619.0,4748071,6.04,940991.0,30.46,19.82,23.18,79.95,25.54,Medium,1275.1,Medium,60.91,Medium,0.0,0.0022782028504385065,0.45284712482468437,0.4082106893880712,0.287778672354398,9.428787138278024,Low,2020,175809.16333333333,0.0,Low
2021-22,Madhya Pradesh,Jabalpur,151909.57,2692408,5.64,845351.0,17.97,31.4,23.18,79.95,24.8,Low,1200.9,Medium,62.08,Medium,0.11747697974217307,0.30438612644135987,0.41122019635343626,0.45352439969016267,0.3897102408283197,10.807097345249412,Medium,2021,221551.08333333334,31.433614444825174,High
2022-23,Madhya Pradesh,Jabalpur,153800.56,2826964,5.44,855874.0,17.97,30.28,23.18,79.95,25.39,Medium,1597.9,High,59.61,Low,0.10649121889723526,0.06351629547021942,0.6339410939691444,0.35786212238574755,0.3517731706083705,11.224362046482767,Medium,2022,211379.52333333335,27.239612629145082,High
2023-24,Madhya Pradesh,Jabalpur,185706.29,3380889,5.49,1033424.0,17.97,30.57,23.18,79.95,25.12,Medium,1619.8,High,62.89,Medium,0.0,0.17374486218582594,0.6462272089761572,0.48489542989930295,0.43495583368709534,7.593296770148895,Low,2023,197443.04333333333,5.944374202903035,Medium
2024-25,Madhya Pradesh,Jabalpur,208727.32,3800000,5.49,1161532.12,17.97,30.57,23.18,79.95,26.08,Medium,1584.3,High,58.9,Low,0.0,0.2181789305807745,0.6263113604488079,0.33036405886909376,0.39161811663289203,7.788722679637769,Low,2024,163805.47333333336,0.0,Low
2025-26,Madhya Pradesh,Jabalpur,211649.5,3853200,5.49,1177793.57,17.97,30.57,23.18,79.95,25.54,Medium,1404.9,Medium,60.64,Medium,0.0,0.0022782028504385065,0.5256661991584853,0.397753679318358,0.308566027109094,7.540036303646102,Low,2025,182744.72333333336,0.0,Low
2012-13,Madhya Pradesh,Jhabua,47958.38,2342833,2.05,714730.0,6.71,30.51,22.77,74.59,25.72,Medium,1348.9,Medium,54.82,Low,0.14331508325100056,0.07120750829329917,0.494249649368864,0.1723470178156469,0.24593472515927003,8.684296432324928,Low,2012,,,Unknown
2013-14,Madhya Pradesh,Jhabua,53444.88,2626291,2.03,796496.0,6.71,30.33,22.77,74.59,24.93,Low,1270.4,Medium,62.56,Medium,0.04530923326725661,0.25131311283754965,0.450210378681627,0.4721146398140978,0.3912127104444248,4.292908233914391,Low,2013,,,Unknown
2014-15,Madhya Pradesh,Jhabua,58913.4,2369481,2.49,877994.0,6.71,37.05,22.77,74.59,26.03,Medium,663.4,Low,57.05,Low,0.0,0.1977662330408485,0.10967741935483871,0.25871417505809446,0.18871927581792725,2.3050864104382836,Low,2014,50701.63,0.0,Low
2015-16,Madhya Pradesh,Jhabua,51450.67,2166947,2.37,766776.0,6.71,35.39,22.77,74.59,26.3,High,605.5,Low,55.13,Low,0.08093198841098793,0.307994799756455,0.07719495091164097,0.18435321456235496,0.18984765507681697,6.177366987986563,Low,2015,53438.886666666665,3.720542830670251,Medium
2016-17,Madhya Pradesh,Jhabua,43636.2,2395134,1.82,650316.0,6.71,27.15,22.77,74.59,25.49,Medium,949.8,Low,59.1,Low,0.22052257886436763,0.022690900390365962,0.27035063113604485,0.33810999225406674,0.2103838412601592,15.410396261567818,Medium,2016,54602.98333333333,20.084586342809718,Medium
2017-18,Madhya Pradesh,Jhabua,55783.45,2589271,2.15,831348.0,6.71,32.11,22.77,74.59,25.82,Medium,726.3,Low,56.63,Low,0.003535144030678821,0.11203290337315408,0.1449649368863955,0.24244771494965162,0.1664818517364004,2.2413414603603576,Low,2017,51333.42333333333,0.0,Low
2018-19,Madhya Pradesh,Jhabua,68117.24,2917830,2.33,1015160.0,6.71,34.79,22.77,74.59,25.19,Medium,1302.0,Medium,56.8,Low,0.0,0.14516708562992778,0.4679382889200561,0.24903175832687838,0.28737904429228744,2.926269018064328,Low,2018,50290.10666666667,0.0,Low
2019-20,Madhya Pradesh,Jhabua,41200.0,2874300,1.43,965580.0,4.27,33.59,22.77,74.59,25.43,Medium,2210.9,High,62.9,Medium,0.26404064169684677,0.047186137438278035,0.9778401122019635,0.48528272656855154,0.503436325402931,16.504851967412392,Medium,2019,55845.63,26.225203297017146,High
2020-21,Madhya Pradesh,Jhabua,22771.0,4748071,0.48,940991.0,2.42,19.82,22.77,74.59,26.19,Medium,1069.3,Low,58.51,Low,0.5932395498077402,0.2630868651686155,0.33739130434782605,0.3152594887683966,0.3052458860949461,20.912352620312788,Medium,2020,55033.56333333333,58.62343155561614,High
2021-22,Madhya Pradesh,Jhabua,56723.05,2692408,2.11,845351.0,6.71,31.4,22.77,74.59,25.24,Medium,1185.1,Medium,61.32,Medium,0.0,0.12475438809000178,0.40235624123422153,0.4240898528272658,0.31706682738382974,2.6534520955581673,Low,2021,44029.41333333333,0.0,Low
2022-23,Madhya Pradesh,Jhabua,57429.15,2826964,2.03,855874.0,6.71,30.28,22.77,74.59,25.57,Medium,962.3,Low,58.64,Low,0.0,0.009969415673518256,0.2773632538569425,0.32029434546862906,0.20254233833302995,2.4445579039379797,Low,2022,40231.35,0.0,Low
2023-24,Madhya Pradesh,Jhabua,69342.75,3380889,2.05,1033424.0,6.71,30.57,22.77,74.59,25.71,Medium,1040.7,Low,59.39,Low,0.0,0.06712496878531454,0.3213464235624124,0.3493415956622774,0.24593766267000147,2.7132539225082053,Low,2023,45641.06666666667,0.0,Low
2024-25,Madhya Pradesh,Jhabua,77938.81,3800000,2.05,1161532.12,6.71,30.57,22.77,74.59,26.6,High,1198.0,Medium,55.6,Low,0.0,0.43047098499601827,0.409593267882188,0.20255615801704122,0.3475401369650825,3.018655847631197,Low,2024,61164.98333333334,0.0,Low
2025-26,Madhya Pradesh,Jhabua,79029.95,3853200,2.05,1177793.57,6.71,30.57,22.77,74.59,25.82,Medium,1113.7,Medium,60.24,Low,0.0,0.11203290337315408,0.36230014025245444,0.38226181254841224,0.2855316187246736,2.896667510211047,Low,2025,68236.90333333334,0.0,Low
2012-13,Maharashtra,Bhandara,419270.63,2342833,17.9,683185.0,61.37,29.16,21.32335,79.75,26.83,High,1693.5,High,57.55,Low,0.12826318515545063,0.5243693936796819,0.6875736325385694,0.2780790085205267,0.4966740115795927,19.33566447450117,Medium,2012,,,Unknown
2013-14,Maharashtra,Bhandara,408841.42,2626291,15.57,666191.0,61.37,25.37,21.32335,79.75,26.36,High,1855.9,High,62.09,Medium,0.14994733294978801,0.3324900368043671,0.7786816269284712,0.45391169635941153,0.5216944533640833,20.07165605177904,Medium,2013,,,Unknown
2014-15,Maharashtra,Bhandara,411325.06,2369481,17.36,670238.0,61.37,28.29,21.32335,79.75,27.23,High,1065.9,Low,56.19,Low,0.1447834119214524,0.6876709739991002,0.335483870967742,0.22540666150271108,0.4161871688231844,20.1058533044053,Medium,2014,414056.025,0.6595641254103296,Medium
2015-16,Maharashtra,Bhandara,380906.41,2166947,17.58,620672.0,61.37,28.64,21.32335,79.75,27.3,High,1291.5,Medium,59.9,Low,0.2080290942218586,0.7162487505549983,0.4620476858345021,0.3690937257939582,0.5157967207278195,23.468722720722685,Medium,2015,413145.7033333333,7.803371322325504,Medium
2016-17,Maharashtra,Bhandara,370858.91,2395134,15.48,604300.0,61.37,25.23,21.32335,79.75,26.88,High,1527.1,High,57.82,Low,0.22891960030655767,0.5447820912196094,0.5942215988779803,0.28853601859024025,0.47584656956261,22.94561983812755,Medium,2016,400357.62999999995,7.368092372811772,Medium
2017-18,Maharashtra,Bhandara,448895.77,2589271,17.34,731458.0,61.37,28.25,21.32335,79.75,27.15,High,999.0,Low,55.93,Low,0.06666734863591225,0.655010657935216,0.2979523141654979,0.2153369481022464,0.3894333067343201,17.128211327926927,Medium,2017,387696.7933333333,0.0,Low
2018-19,Maharashtra,Bhandara,468879.07,2917830,16.07,764020.0,61.37,26.18,21.32335,79.75,26.58,High,1519.8,High,58.17,Low,0.025118580261454273,0.42230590598004614,0.5901262272089762,0.30209140201394286,0.4381745117343218,16.692465022486893,Medium,2018,400220.3633333333,0.0,Low
2019-20,Maharashtra,Bhandara,428450.0,2874300,14.91,691250.0,61.98,24.05,21.32335,79.75,26.87,High,1616.4,High,62.98,Medium,0.10917767285500735,0.5406995517116248,0.6443197755960729,0.48838109992254064,0.5578001424100795,18.542632007198055,Medium,2019,429544.5833333333,0.25482414999606695,Medium
2020-21,Maharashtra,Bhandara,416831.0,4748071,8.78,648595.0,64.27,13.66,21.32335,79.75,26.59,High,1532.1,High,61.21,Medium,0.13333560171274494,0.42638844548803223,0.5970266479663393,0.41982958946553073,0.4810815609733008,19.130277731792173,Medium,2020,448741.61333333334,7.11113308531731,Medium
2021-22,Maharashtra,Bhandara,449239.45,2692408,16.69,732018.0,61.37,27.19,21.32335,79.75,26.19,Medium,1383.6,Medium,62.21,Medium,0.06595277793362918,0.2630868651686155,0.5137166900420757,0.4585592563903952,0.41178760386702873,17.27753612166031,Medium,2021,438053.3566666667,0.0,Low
2022-23,Maharashtra,Bhandara,460952.52,2826964,16.31,751104.0,61.37,26.57,21.32335,79.75,26.78,High,1819.7,High,58.74,Low,0.04159926112790574,0.5039566961397559,0.7583730715287519,0.3241673121611156,0.5288323599432078,16.869637299274615,Medium,2022,431506.81666666665,0.0,Low
2023-24,Maharashtra,Bhandara,633947.19,3380889,18.75,1032992.0,61.37,30.55,21.32335,79.75,26.73,High,1783.1,High,60.51,Medium,0.0,0.4835439985998285,0.7378401122019634,0.3927188226181255,0.5380343111399725,21.34029413053017,Medium,2023,442340.99,0.0,Low
2024-25,Maharashtra,Bhandara,712534.28,3800000,18.75,1161046.57,61.37,30.55,21.32335,79.75,27.08,High,1690.6,High,59.83,Low,0.0,0.6264328813793177,0.6859467040673211,0.3663826491092177,0.5595874115186188,21.46584948937315,Medium,2024,514713.0533333333,0.0,Low
2025-26,Maharashtra,Bhandara,722509.76,3853200,18.75,1177301.23,61.37,30.55,21.32335,79.75,26.28,High,1597.3,High,60.66,Medium,0.0,0.2998297207404843,0.6336044880785414,0.3985282726568551,0.4439874938252936,21.11970808851212,Medium,2025,602477.9966666667,0.0,Low
2012-13,Maharashtra,Nagpur,263914.37,2342833,11.26,683185.0,38.63,29.16,21.30239,79.32317,26.78,High,1564.6,High,55.78,Low,0.12048004387638676,0.5039566961397559,0.6152594670406731,0.20952749806351678,0.4429145537479819,13.848514518394337,Medium,2012,,,Unknown
2013-14,Maharashtra,Nagpur,257349.58,2626291,9.8,666191.0,38.63,25.37,21.30239,79.32317,26.18,Medium,1615.6,High,61.22,Medium,0.14235783633141957,0.2590043256606294,0.6438709677419354,0.4202168861347793,0.441030726512448,14.67077627153541,Medium,2013,,,Unknown
2014-15,Maharashtra,Nagpur,258912.94,2369481,10.93,670238.0,38.63,28.29,21.30239,79.32317,27.13,High,939.3,Low,55.01,Low,0.13714778915359663,0.6468455789192452,0.26446002805049085,0.17970565453137105,0.3636704205003691,14.689313254684118,Medium,2014,260631.97499999998,0.6595641229361726,Medium
2015-16,Maharashtra,Nagpur,239765.59,2166947,11.06,620672.0,38.63,28.64,21.30239,79.32317,27.21,High,1058.7,Low,58.1,Low,0.20095816989142257,0.6795058949831294,0.33144460028050493,0.29938032532920233,0.43677694019761226,17.416965904040683,Medium,2015,260058.96333333335,7.803373924598055,Medium
2016-17,Maharashtra,Nagpur,233441.09,2395134,9.75,604300.0,38.63,25.23,21.30239,79.32317,27.0,High,1561.7,High,56.05,Low,0.22203517286971358,0.593772565315435,0.613632538569425,0.21998450813323003,0.47579653733936333,18.627248365870628,Medium,2016,252009.37,7.368091115024811,Medium
2017-18,Maharashtra,Nagpur,282562.23,2589271,10.91,731458.0,38.63,28.25,21.30239,79.32317,27.32,High,902.2,Low,54.7,Low,0.05833426148113761,0.724413829570969,0.2436465638148668,0.16769945778466325,0.37858661705683305,10.643187196484927,Medium,2017,244039.87333333332,0.0,Low
2018-19,Maharashtra,Nagpur,295140.93,2917830,10.12,764020.0,38.63,26.18,21.30239,79.32317,26.69,High,1350.2,Medium,56.78,Low,0.016414537018645838,0.4672138405678871,0.49497896213183734,0.24825716498838124,0.4034833225627019,9.797305555170308,Low,2018,251922.96999999997,0.0,Low
2019-20,Maharashtra,Nagpur,262800.0,2874300,9.14,691250.0,38.02,24.05,21.30238571,79.32317143,26.97,High,1586.2,High,61.42,Medium,0.12419378880624968,0.5815249467914783,0.6273772791023844,0.4279628195197523,0.5456216818045383,13.824217063947327,Medium,2019,270381.4166666667,2.8039710569359344,Medium
2020-21,Maharashtra,Nagpur,231764.0,4748071,4.88,648595.0,35.73,13.66,21.30238571,79.32317143,26.71,High,1544.1,High,60.25,Low,0.22762423618299715,0.4753789195838578,0.603758765778401,0.3826491092176608,0.4872622648599732,18.466014367389725,Medium,2020,280167.72,17.276694117366546,Medium
2021-22,Maharashtra,Nagpur,282778.55,2692408,10.5,732018.0,38.63,27.19,21.30239,79.32317,26.2,Medium,1164.7,Medium,61.76,Medium,0.05761335432890991,0.2671694046766001,0.3909116409537167,0.44113090627420604,0.36640398396817425,10.31557988119023,Medium,2021,263234.9766666666,0.0,Low
2022-23,Maharashtra,Nagpur,290151.48,2826964,10.26,751104.0,38.63,26.57,21.30239,79.32317,26.88,High,1938.7,High,57.88,Low,0.03304235779657836,0.5447820912196094,0.8251332398316972,0.2908597986057322,0.5535917098856796,10.444678580818433,Medium,2022,259114.18333333335,0.0,Low
2023-24,Maharashtra,Nagpur,399044.81,3380889,11.8,1032992.0,38.63,30.55,21.30239,79.32317,26.65,High,1685.1,High,60.31,Medium,0.0,0.4508836825359443,0.6828611500701262,0.38497288923315276,0.5062392406130743,15.452680163255145,Medium,2023,268231.3433333333,0.0,Low
2024-25,Maharashtra,Nagpur,448512.29,3800000,11.8,1161046.57,38.63,30.55,21.30239,79.32317,27.07,High,1715.5,High,59.38,Low,0.0,0.6223503418713332,0.6999158485273492,0.3489542989930289,0.5570734964639038,16.25227555923606,Medium,2024,323991.61333333334,0.0,Low
2025-26,Maharashtra,Nagpur,454791.47,3853200,11.8,1177301.23,38.63,30.55,21.30239,79.32317,26.32,High,1545.6,High,59.71,Low,0.0,0.3161598787724257,0.6046002805049088,0.36173508907823404,0.42749841611852285,16.241124509325445,Medium,2025,379236.19333333336,0.0,Low
2012-13,Odisha,Keonjhar,452097.29,2342833,19.3,527966.0,85.63,22.54,22.07,85.406,24.72,Low,1319.4,Medium,63.4,Medium,0.22599605289616795,0.3370464425052441,0.47769985974754564,0.5046475600309838,0.43979795409459116,25.601239916446694,High,2012,,,Unknown
2013-14,Odisha,Keonjhar,568334.87,2626291,21.64,663710.0,85.63,25.27,22.07,85.406,23.9,Low,1608.5,High,69.25,High,0.02699387413549133,0.6718146821600497,0.6398877980364656,0.7312161115414408,0.6809728639126521,19.639892055052826,Medium,2013,,,Unknown
2014-15,Odisha,Keonjhar,279244.57,2369481,11.79,326106.0,85.63,13.76,22.07,85.406,24.51,Low,1630.0,High,65.51,High,0.5219250277140296,0.4227797721729371,0.6519495091164095,0.586367157242448,0.5536988128439315,25.500525014302195,High,2014,510216.07999999996,45.269351369717704,High
2015-16,Odisha,Keonjhar,334156.52,2166947,15.42,390233.0,85.63,18.01,22.07,85.406,24.85,Low,1744.4,High,68.41,High,0.42791414336838735,0.28397342890143246,0.7161290322580646,0.6986831913245546,0.5662618841613506,26.977695927929012,High,2015,433225.57666666666,22.867776512394737,Medium
2016-17,Odisha,Keonjhar,503090.81,2395134,21.0,587517.0,85.63,24.53,22.07,85.406,24.84,Low,1322.7,Medium,62.99,Medium,0.138693636735438,0.2880559684094185,0.4795511921458626,0.4887683965917895,0.41879185238235683,20.733718849608834,Medium,2016,393911.98666666663,0.0,Low
2017-18,Odisha,Keonjhar,442591.5,2589271,17.09,516865.0,85.63,19.96,22.07,85.406,24.45,Low,1389.9,Medium,63.82,Medium,0.242270246843095,0.4472750092208506,0.5172510518934083,0.5209140201394269,0.49514669375122855,25.93700181699105,High,2017,372163.96666666673,0.0,Low
2018-19,Odisha,Keonjhar,542080.72,2917830,18.58,633050.0,85.63,21.7,22.07,85.406,23.43,Low,1748.3,High,69.35,High,0.07194175632221289,0.8636940390353646,0.7183169705469846,0.7350890782339271,0.7723666959387588,19.191569691331203,Medium,2018,426612.94333333336,0.0,Low
2019-20,Odisha,Keonjhar,468120.0,2874300,16.29,539470.0,86.77,18.77,22.07,85.406,23.72,Low,2065.2,High,71.06,High,0.19856469894290701,0.7453003933037874,0.8961009817671808,0.8013168086754455,0.8142393945821379,23.186512968151202,Medium,2019,495921.01,5.605935106479963,Medium
2020-21,Odisha,Keonjhar,1778205.0,4748071,37.45,1948077.0,91.28,41.03,22.07,85.406,24.34,Low,1484.8,High,65.0,Medium,0.0,0.49218294380869015,0.5704908835904628,0.566615027110767,0.54309628483664,35.03218137577466,High,2020,484264.0733333334,0.0,Low
2021-22,Odisha,Keonjhar,438931.67,2692408,16.3,512591.0,85.63,19.04,22.07,85.406,23.38,Low,1757.8,High,71.28,High,0.24853598417084813,0.884106736575292,0.7236465638148668,0.8098373353989157,0.8058635452630248,25.070373382535298,High,2021,929468.5733333334,52.77606122540877,High
2022-23,Odisha,Keonjhar,551643.87,2826964,19.51,644218.0,85.63,22.79,22.07,85.406,24.16,Low,1311.9,Medium,64.98,Medium,0.05556936035685325,0.5656686549524278,0.4734922861150071,0.5658404337722698,0.5350004582799016,19.467462706445914,Medium,2022,895085.5566666666,38.36970489677622,High
2023-24,Odisha,Keonjhar,557327.99,3380889,16.48,650856.0,85.63,19.25,22.07,85.406,24.14,Low,1265.0,Medium,68.3,High,0.04583797860976993,0.5738337339683985,0.44718092566619916,0.6944229279628195,0.571812529199139,19.459367821170297,Medium,2023,922926.8466666667,39.61298319439936,High
2024-25,Odisha,Keonjhar,626417.01,3800000,16.48,731539.19,85.63,19.25,22.07,85.406,24.33,Low,1555.3,High,68.24,High,0.0,0.4962654833166762,0.6100420757363254,0.6920991479473275,0.5994689023334431,20.708945713043825,Medium,2024,515967.84333333344,0.0,Low
2025-26,Odisha,Keonjhar,635186.84,3853200,16.48,741780.74,85.63,19.25,22.07,85.406,23.28,Low,1368.3,Medium,69.45,High,0.0,0.9249321316551455,0.505133239831697,0.7389620449264138,0.7230091388044189,22.091377187547998,Medium,2025,578462.9566666668,0.0,Low
2012-13,Odisha,Rayagada,10348.13,2342833,0.44,527966.0,1.96,22.54,19.21667,83.21667,24.07,Low,1677.0,High,69.26,High,0.03334365998721442,0.6024115105242966,0.6783169705469845,0.7316034082106897,0.6707772964273236,3.529969148682872,Low,2012,,,Unknown
2013-14,Odisha,Rayagada,13008.72,2626291,0.5,663710.0,1.96,25.27,19.21667,83.21667,23.51,Low,2060.6,High,72.78,High,0.0,0.8310337229714804,0.8935203366058905,0.8679318357862124,0.8641619651211944,2.6705094819021302,Low,2013,,,Unknown
2014-15,Odisha,Rayagada,6391.68,2369481,0.27,326106.0,1.96,13.76,19.21667,83.21667,23.93,Low,1651.6,High,69.92,High,0.4029299984313183,0.659567063636093,0.6640673211781205,0.7571649883811001,0.6935997910651045,20.669395718906536,Medium,2014,11678.425,45.26933212312447,High
2015-16,Odisha,Rayagada,7648.57,2166947,0.35,390233.0,1.96,18.01,19.21667,83.21667,24.3,Low,1443.0,Medium,72.03,High,0.28551934672915863,0.5085131018406315,0.5470406732117812,0.8388845855925641,0.6314794535483256,17.553486540358605,Medium,2015,9916.176666666666,22.867751784710034,Medium
2016-17,Odisha,Rayagada,11515.33,2395134,0.48,587517.0,1.96,24.53,19.21667,83.21667,24.15,Low,1553.0,High,67.48,High,0.0,0.5697511944604139,0.6087517531556802,0.6626646010844309,0.6137225162335084,2.12126463327927,Low,2016,9016.323333333334,0.0,Low
2017-18,Odisha,Rayagada,10130.55,2589271,0.39,516865.0,1.96,19.96,19.21667,83.21667,24.16,Low,1510.6,High,64.37,Medium,0.053668596614410036,0.5656686549524278,0.5849649368863954,0.5422153369481025,0.5642829762623086,3.6011976027506942,Low,2017,8518.526666666667,0.0,Low
2018-19,Odisha,Rayagada,12407.78,2917830,0.43,633050.0,1.96,21.7,19.21667,83.21667,23.35,Low,1648.4,High,69.79,High,0.0,0.8963543550992473,0.6622720897615708,0.7521301316808678,0.770252192180562,2.3358148346250633,Low,2018,9764.816666666666,0.0,Low
2019-20,Odisha,Rayagada,8950.0,2874300,0.31,539470.0,1.66,18.77,19.21667,83.21667,23.9,Low,1310.7,Medium,71.15,High,0.16394805214909056,0.6718146821600497,0.4728190743338009,0.8048024786986835,0.6498120783975113,9.082145850210411,Low,2019,11351.220000000001,21.15384954216376,Medium
2020-21,Odisha,Rayagada,5163.0,4748071,0.11,1948077.0,0.27,41.03,19.21667,83.21667,23.96,Low,1385.2,Medium,66.36,High,0.5177054517593022,0.6473194451121361,0.5146143057503507,0.6192873741285826,0.5937403749970231,21.153871047154126,Medium,2020,10496.109999999999,50.81034783362598,High
2021-22,Odisha,Rayagada,10046.78,2692408,0.37,512591.0,1.96,19.04,19.21667,83.21667,23.38,Low,1477.8,High,70.55,High,0.0614938560190435,0.884106736575292,0.5665638148667601,0.7815646785437645,0.7440784099952723,3.954112846816457,Low,2021,8840.26,0.0,Low
2022-23,Odisha,Rayagada,12626.67,2826964,0.45,644218.0,1.96,22.79,19.21667,83.21667,23.92,Low,1395.4,Medium,65.8,High,0.0,0.6636496031440776,0.5203366058906032,0.5975987606506584,0.5938616565617797,1.4991579849389958,Low,2022,8053.259999999999,0.0,Low
2023-24,Odisha,Rayagada,12756.78,3380889,0.38,650856.0,1.96,19.25,19.21667,83.21667,24.39,Low,1475.9,Medium,67.2,High,0.0,0.4717702462687627,0.5654978962131838,0.6518202943454688,0.5630294789424718,1.8121525397484948,Low,2023,9278.816666666668,0.0,Low
2024-25,Odisha,Rayagada,14338.17,3800000,0.38,731539.19,1.96,19.25,19.21667,83.21667,24.27,Low,1710.3,High,69.5,High,0.0,0.5207607203645883,0.6969985974754559,0.7408985282726569,0.6528859487042337,2.3766576809997173,Low,2024,11810.076666666668,0.0,Low
2025-26,Odisha,Rayagada,14538.91,3853200,0.38,741780.74,1.96,19.25,19.21667,83.21667,23.22,Low,1471.9,Medium,69.53,High,0.0,0.949427368703059,0.5632538569424965,0.7420604182804029,0.7515805479753195,1.7451172381790996,Low,2025,13240.54,0.0,Low
2012-13,Odisha,Sundargarh,65520.58,2342833,2.8,527966.0,12.41,22.54,22.12333,84.02667,26.12,Medium,1668.5,High,61.0,Medium,0.15587955632057324,0.23450908861271735,0.6735483870967741,0.41169635941130917,0.4399179450402669,9.743559633286269,Low,2012,,,Unknown
2013-14,Odisha,Sundargarh,82366.41,2626291,3.14,663710.0,12.41,25.27,22.12333,84.02667,25.56,Medium,1382.0,Medium,65.57,High,0.0,0.005886876165532184,0.5128190743338008,0.5886909372579394,0.3691322959190908,3.1378647108284836,Low,2013,,,Unknown
2014-15,Odisha,Sundargarh,40469.75,2369481,1.71,326106.0,12.41,13.76,22.12333,84.02667,26.31,High,1434.5,Medium,60.94,Medium,0.4786165915259682,0.31207733926443965,0.5422720897615708,0.4093725793958172,0.42124066947394256,21.00556492800762,Medium,2014,73943.495,45.26935736537744,High
2015-16,Odisha,Sundargarh,48427.92,2166947,2.23,390233.0,12.41,18.01,22.12333,84.02667,26.62,High,1433.7,Medium,64.25,Medium,0.37608920255480366,0.43863606401198896,0.5418232819074335,0.5375677769171187,0.5060090409455137,21.123286016760446,Medium,2015,62785.579999999994,22.8677667706502,Medium
2016-17,Odisha,Sundargarh,72910.86,2395134,3.04,587517.0,12.41,24.53,22.12333,84.02667,26.3,High,1301.3,Medium,60.96,Medium,0.06066845726566266,0.307994799756455,0.4675455820476858,0.4101471727343146,0.3952291848461518,5.2154071901371095,Low,2016,57088.02666666667,0.0,Low
2017-18,Odisha,Sundargarh,64142.95,2589271,2.48,516865.0,12.41,19.96,22.12333,84.02667,26.53,High,1544.6,High,58.93,Low,0.17362795914036044,0.40189320844012016,0.604039270687237,0.3315259488768397,0.44581947600139893,10.069100077387713,Medium,2017,53936.176666666666,0.0,Low
2018-19,Odisha,Sundargarh,78561.5,2917830,2.69,633050.0,12.41,21.7,22.12333,84.02667,25.32,Medium,1848.7,High,65.56,High,0.0,0.09209407202611757,0.7746423562412343,0.5883036405886911,0.48501335628534764,3.8292259348217765,Low,2018,61827.243333333325,0.0,Low
2019-20,Odisha,Sundargarh,62400.0,2874300,2.17,539470.0,11.57,18.77,22.12333333,84.02666667,25.56,Medium,1963.3,High,68.14,High,0.19608288440675847,0.005886876165532184,0.8389340813464237,0.6882261812548414,0.5110157129222658,12.13996333017467,Medium,2019,71871.77,13.178707022242536,Medium
2020-21,Odisha,Sundargarh,164709.0,4748071,3.47,1948077.0,8.45,41.03,22.12333333,84.02666667,25.75,Medium,1756.7,High,64.46,Medium,0.0,0.08345512681725593,0.7230294530154279,0.5457010069713399,0.4507285289346746,7.550759644241581,Low,2020,68368.15000000001,0.0,Low
2021-22,Odisha,Sundargarh,63612.54,2692408,2.36,512591.0,12.41,19.04,22.12333,84.02667,25.16,Medium,1720.5,High,67.97,High,0.18046138345577403,0.15741470415388453,0.7027208976157082,0.6816421378776143,0.5139259132157357,10.660574048889941,Medium,2021,101890.16666666667,37.56753759358526,High
2022-23,Odisha,Sundargarh,79947.45,2826964,2.83,644218.0,12.41,22.79,22.12333,84.02667,25.91,Medium,1530.6,High,61.91,Medium,0.0,0.1487757589450229,0.5961851332398316,0.44694035631293566,0.3973004161659301,3.3991003693346054,Low,2022,96907.18,17.50100456952725,Medium
2023-24,Odisha,Sundargarh,80771.23,3380889,2.39,650856.0,12.41,19.25,22.12333,84.02667,26.03,Medium,1838.4,High,65.0,Medium,0.0,0.1977662330408485,0.7688639551192146,0.566615027110767,0.51108173842361,3.7998706560334132,Low,2023,102756.33,21.395372917658705,Medium
2024-25,Odisha,Sundargarh,90784.01,3800000,2.39,731539.19,12.41,19.25,22.12333,84.02667,26.15,Medium,2186.7,High,65.07,Medium,0.0,0.24675670713667266,0.9642636746143056,0.5693261037955072,0.5934488285154952,3.9783310695743723,Low,2024,74777.07333333332,0.0,Low
2025-26,Odisha,Sundargarh,92054.99,3853200,2.39,741780.74,12.41,19.25,22.12333,84.02667,25.13,Medium,1665.2,High,66.96,High,0.0,0.16966232267784132,0.6716970546984573,0.642525174283501,0.49462818388659985,3.633227637967532,Low,2025,83834.23,0.0,Low
2012-13,Rajasthan,Banswara,4987.0,2342833,0.21,4987.0,100.0,0.21,23.55,74.45,26.66,High,1596.2,High,50.74,Low,0.520558777215438,0.4549662220439304,0.6329873772791025,0.014329976762200021,0.36742785869507766,20.782919996638004,Medium,2012,,,Unknown
2013-14,Rajasthan,Banswara,5401.0,2626291,0.21,5401.0,100.0,0.21,23.55,74.45,25.88,Medium,1078.0,Medium,58.78,Low,0.4807575608062122,0.13652814042106615,0.34227208976157086,0.32571649883811016,0.2681722430069157,20.88817924510893,Medium,2013,,,Unknown
2014-15,Rajasthan,Banswara,7910.0,2369481,0.33,7910.0,100.0,0.33,23.55,74.45,27.1,High,721.8,Low,52.52,Low,0.23954680725368238,0.6345979603952899,0.14244039270687237,0.08326878388845878,0.2867690456635404,15.422717590009782,Medium,2014,5194.0,0.0,Low
2015-16,Rajasthan,Banswara,3457.0,2166947,0.16,3457.0,100.0,0.16,23.55,74.45,27.38,High,639.9,Low,50.37,Low,0.6676502291625764,0.748909066618881,0.0964936886395512,0.0,0.2818009184194774,21.500731391105184,Medium,2015,6099.333333333333,43.321674499945345,High
2016-17,Rajasthan,Banswara,2545.0,2395134,0.11,2545.0,100.0,0.11,23.55,74.45,26.82,High,1264.5,Medium,53.93,Low,0.7553282711075375,0.5202868541716974,0.44690042075736325,0.13787761425251752,0.36835496306052606,39.253345981405616,High,2016,5589.333333333333,54.46684160305343,High
2017-18,Rajasthan,Banswara,7497.0,2589271,0.29,7497.0,100.0,0.29,23.55,74.45,26.63,High,1114.3,Medium,54.59,Low,0.2792518854590211,0.4427186035199736,0.36263674614305746,0.1634391944229282,0.3229315146953197,16.742790812094018,Medium,2017,4637.333333333333,0.0,Low
2018-19,Rajasthan,Banswara,31400.0,2917830,1.08,31400.0,100.0,1.08,23.55,74.45,26.05,Medium,1065.4,Low,54.61,Low,0.0,0.2059313120568192,0.3352033660589061,0.16421378776142534,0.23511615529238358,1.809080714834521,Low,2018,4499.666666666667,0.0,Low
2019-20,Rajasthan,Banswara,28100.0,2874300,0.98,28100.0,100.0,0.98,23.55,74.45,26.05,Medium,2250.4,High,60.97,Medium,0.0,0.2059313120568192,1.0,0.4105344694035632,0.5388219271534608,3.170991459713379,Low,2019,13814.0,0.0,Low
2020-21,Rajasthan,Banswara,25626.0,4748071,0.54,25626.0,100.0,0.54,23.55,74.45,26.73,High,1289.8,Medium,57.34,Low,0.0,0.4835439985998285,0.46109396914446,0.2699457784663054,0.40486124873686463,1.6836454972063695,Low,2020,22332.333333333332,0.0,Low
2021-22,Rajasthan,Banswara,8008.0,2692408,0.3,8008.0,100.0,0.3,23.55,74.45,25.87,Medium,1503.8,High,59.69,Low,0.23012526327275454,0.13244560091308152,0.5811500701262272,0.36096049573973665,0.3581853889263485,15.193579786506046,Medium,2021,28375.333333333332,71.77830510067429,High
2022-23,Rajasthan,Banswara,6437.0,2826964,0.23,6437.0,100.0,0.23,23.55,74.45,26.69,High,1162.9,Medium,53.69,Low,0.38115838157926085,0.4672138405678871,0.3899018232819075,0.12858249419054998,0.32856605268011485,21.006430840998778,Medium,2022,20578.0,68.71902031295558,High
2023-24,Rajasthan,Banswara,4368.0,3380889,0.13,4368.0,100.0,0.13,23.55,74.45,26.42,High,1261.7,Medium,57.63,Low,0.5800683254215024,0.3569852738522806,0.44532959326788224,0.2811773818745161,0.36116408299822633,21.10451425108023,Medium,2023,13357.0,67.29804596840609,High
2024-25,Rajasthan,Banswara,4909.48,3800000,0.13,4909.48,100.0,0.13,23.55,74.45,26.92,High,1403.7,Medium,55.95,Low,0.5280114107807596,0.5611122492515522,0.5249929873772792,0.21611154144074382,0.4340722593565251,21.444259802773033,Medium,2024,6271.0,21.711369797480472,Medium
2025-26,Rajasthan,Banswara,4978.21,3853200,0.13,4978.21,100.0,0.13,23.55,74.45,26.11,Medium,1506.3,High,61.58,Medium,0.5214038320276048,0.2304265491047313,0.5825525946704068,0.43415956622773044,0.4157129033342895,20.466824459332855,Medium,2025,5238.16,4.96262046214701,Medium
2012-13,Telangana,Adilabad,14143.0,2342833,0.6,14143.0,100.0,0.6,19.65732,78.53032,27.71,High,913.8,Low,55.28,Low,0.37434688240990543,0.8836328703824011,0.25015427769985976,0.19016266460108458,0.44131660422778185,20.997175851138785,Medium,2012,,,Unknown
2013-14,Telangana,Adilabad,10921.0,2626291,0.42,10921.0,100.0,0.42,19.65732,78.53032,26.55,High,1875.9,High,61.79,Medium,0.5168805983736532,0.41005828745609085,0.7899018232819074,0.44229279628195206,0.5474176356733168,20.676666385104983,Medium,2013,,,Unknown
2014-15,Telangana,Adilabad,6775.0,2369481,0.29,6775.0,100.0,0.29,19.65732,78.53032,27.64,High,864.7,Low,55.27,Low,0.7002899051351983,0.8550550938265029,0.22260869565217395,0.189775367931836,0.42247971913683763,28.020722053487845,High,2014,12532.0,45.938397701883176,High
2015-16,Telangana,Adilabad,6892.0,2166947,0.32,6892.0,100.0,0.32,19.65732,78.53032,28.15,High,1052.5,Low,56.0,Low,0.6951140998069057,1.0,0.3279663394109397,0.21804802478698693,0.5153381213993089,21.85110353042754,Medium,2015,10613.0,35.060774521812874,High
2016-17,Telangana,Adilabad,13262.0,2395134,0.55,13262.0,100.0,0.55,19.65732,78.53032,27.31,High,1147.1,Medium,56.02,Low,0.41332025415542434,0.7203312900629829,0.3810378681626928,0.21882261812548434,0.4400639254503867,21.029955555078235,Medium,2016,8196.0,0.0,Low
2017-18,Telangana,Adilabad,17373.0,2589271,0.67,17373.0,100.0,0.67,19.65732,78.53032,27.33,High,788.4,Low,55.33,Low,0.23145926522712915,0.7284963690789537,0.17980364656381487,0.1920991479473277,0.36679972119669874,15.350399375150543,Medium,2017,8976.333333333334,0.0,Low
2018-19,Telangana,Adilabad,74500.0,2917830,2.55,74500.0,100.0,2.55,19.65732,78.53032,27.14,High,966.8,Low,56.52,Low,0.0,0.6509281184272313,0.27988779803646563,0.23818745158791657,0.3896677893505378,2.7378373391645203,Low,2018,12509.0,0.0,Low
2019-20,Telangana,Adilabad,68900.0,2874300,2.4,68900.0,100.0,2.4,19.657315,78.53032333,27.65,High,1359.1,Medium,60.77,Medium,0.0,0.8591376333344876,0.4999719495091164,0.40278853601859044,0.5872993729540648,2.98373980783888,Low,2019,35045.0,0.0,Low
2020-21,Telangana,Adilabad,62701.0,4748071,1.32,62701.0,100.0,1.32,19.657315,78.53032333,27.3,High,1010.4,Low,58.53,Low,0.0,0.7162487505549983,0.30434782608695654,0.31603408210689404,0.445543552916283,2.672347069061216,Low,2020,53591.0,0.0,Low
2021-22,Telangana,Adilabad,10434.0,2692408,0.39,10434.0,100.0,0.39,19.65732,78.53032,26.54,High,1303.0,Medium,61.58,Medium,0.538424335082016,0.40597574794810476,0.46849929873772794,0.43415956622773044,0.43621153763785436,21.200834359480197,Medium,2021,68700.33333333333,84.81230076515884,High
2022-23,Telangana,Adilabad,10810.0,2826964,0.38,10810.0,100.0,0.38,19.65732,78.53032,27.07,High,1825.4,High,57.73,Low,0.5217909777876744,0.6223503418713332,0.761570827489481,0.2850503485670023,0.5563238393092722,20.85440791122227,Medium,2022,47345.0,77.1675995353258,High
2023-24,Telangana,Adilabad,6055.0,3380889,0.18,6055.0,100.0,0.18,19.65732,78.53032,27.36,High,1072.2,Low,58.95,Low,0.7321410148477676,0.7407439876029104,0.3390182328190744,0.33230054221533717,0.47068758754577394,27.910492171268896,High,2023,27981.666666666668,78.36083149681339,High
2024-25,Telangana,Adilabad,6805.61,3800000,0.18,6805.61,100.0,0.18,19.65732,78.53032,27.06,High,1495.0,High,62.54,Medium,0.6989357905958903,0.6182678023633471,0.5762131837307153,0.47134004647560035,0.5552736775232209,21.453254265362865,Medium,2024,9099.666666666666,25.21033737499542,High
2025-26,Telangana,Adilabad,6900.88,3853200,0.18,6900.88,100.0,0.18,19.65732,78.53032,26.5,High,1420.8,Medium,60.58,Medium,0.6947212694537841,0.3896455899161634,0.534586255259467,0.39542989930286604,0.4398872481594988,21.63492219671176,Medium,2025,7890.203333333334,12.538629127006025,Medium
